ID вопроса,Вопрос,Ответы на вопрос
1,Как просрочка по «беспроцентному» займу скажется на переплате/ПСК?,В статье не содержится информации о влиянии просрочки по «беспроцентному» займу на переплату или ПСК. Уточните условия вашего договора или обратитесь в банк/МФО за разъяснениями.
2,"Как действовать вкладчику при отзыве лицензии, учитывая лимит безопасной суммы?","При отзыве лицензии у банка вкладчику нужно уточнить сумму страхового возмещения (до 1,4 млн рублей) и подать заявление в банк-агент, выбранный АСВ, в течение двух лет. Деньги выплатят в течение 3 рабочих дней после подачи заявления. Если сумма вклада превышает 1,4 млн рублей, остаток можно вернуть после ликвидации банка."
3,Как действовать при оспаривании незаконной продажи долга с учетом установленных сроков ответа на претензии?,"При оспаривании незаконной продажи долга уведомьте кредитора и коллектора в письменной форме (через нотариуса, заказное письмо или лично под расписку) с требованием предоставить документы, подтверждающие законность передачи долга. Если в течение 10 дней ответ не получен или он неудовлетворительный, обращайтесь в ФССП, Роспотребнадзор или суд. Учтите, что коллектор обязан действовать в рамках закона, и любые нарушения можно оспорить."
4,Как изменился лимит социального вычета на спорт по сравнению с 2022 годом?,"В предоставленной статье нет информации о социальных вычетах на спорт и их изменениях по сравнению с 2022 годом. Уточните, пожалуйста, вопрос или обратитесь за актуальными данными в другой источник."
5,Чем отличаются сроки обращения за наследством по закону от сроков для налогового имущественного вычета?,В статье не содержится информации о сроках обращения за наследством по закону или о сроках для налогового имущественного вычета. Поэтому на ваш вопрос ответить не могу.
6,Почему при высокой долговой нагрузке банк может отказать в новом кредите?,"При высокой долговой нагрузке банк может отказать в новом кредите, так как это увеличивает риски невыплаты. Банк оценивает платежеспособность клиента и его способность обслуживать дополнительные обязательства. Если текущие долги уже создают значительную финансовую нагрузку, новый кредит может усугубить ситуацию."
7,Что сделать первым делом при обнаружении мошеннического списания с карты?,"Первым делом немедленно заблокируйте карту через мобильное приложение, горячую линию, онлайн-банк или СМС. Затем сообщите в банк о краже по телефону или в отделении, уложившись в сроки, указанные в договоре. Также напишите заявление о несогласии с операцией, чтобы банк начал расследование."
8,"Куда обращаться, если заемные деньги ушли мошенникам?","Если вы перевели деньги мошенникам, выдававшим себя за МФО, немедленно обратитесь в полицию с документами (договоры, квитанции) и собранными доказательствами. Также сообщите о мошенниках в Банк России, приложив скриншоты или фото вывесок. Чем быстрее вы действуете, тем выше шансы вернуть средства."
9,Как с помощью госгарантий повысить шанс одобрения и какую долю кредита они покрывают?,"В предоставленной статье нет информации о госгарантиях, их влиянии на одобрение кредита или доле покрытия долга. Соответственно, я не могу дать на этот вопрос ответ на основе текста."
10,Почему вклад безопаснее инвестиций в ценные бумаги?,"В статье не содержится информации о сравнении вкладов и инвестиций в ценные бумаги, поэтому я не могу ответить на ваш вопрос."
